{"hrCCW2syb074JerssRgRLQ==":"background1.jpg","KYUroB+RDOt87E6JxujuIQ==":"face1.jpg","T/jnPgrfEHPQii08/IV+fA==":"face3.jpg","SiHFUGICIbx8c/K1Pob8LQ==":"background5.jpg","/LAY6jcsex9ZLod4d6hECQ==":"matthew-acevedo-240x320-v2-240x320.jpg","l7t4Jgkd0ru78hSbHCwBgQ==":"matthew-acevedo-240x320-v2-120x160.jpg","Faj+bidU0kPdm0qNxkmbsg==":"mbr-1281x1920.jpg","UAc7kepzJPkrSn4uqTRvmw==":"background4.jpg","USgIInOUmkbEyb8kz/VtMQ==":"facultyshowcase-1240x550.jpg","6ONvU6CxMMhrb1g7t1WuTw==":"background7.jpg","vk2AtI5lYg8Lq9C+7mEJXA==":"facultyshowcase-520x231.jpg","5kVNyxJyPwLHJechDj7m7Q==":"01.jpeg","6b7tnXCB1PSUPqZFs2kQCA==":"facultyshowcase-1240x550.jpeg","1MLRHbPkFoaIAXf6YJeIUA==":"01-1.jpeg","BaokzyGhZkQRMLWHGuUSAg==":"background6.jpg","ibIE3c/2EhH0WMZKP3+16w==":"background8.jpg","twmVgeggR3UtPNq+OS3pJA==":"mbr-1220x813.jpg","PANzkIxgxHTYevulkY8WIw==":"mbr-304x203.jpg","BPLh2LrAZ7nGAvaaPA2ipQ==":"09.jpg","xkFnhNMqZ9+dQftypOVY1Q==":"background7.jpeg","dC9L12wHGV+nwaF0hbRraA==":"background4.jpeg","gJEfSE1pxRw13GpGX1TdWg==":"1200x400-1200x400.png","vV8h1WCsiWy4EHvEoDXYQg==":"1200x400-676x225.png","rCL3s0/KF0E7ksULDGEh5g==":"480x320-480x320.png","mDmhBoD8/isQXhHiEUznGQ==":"100x100-100x100.png","SqMBlm4eUHGA9C8A4ie2nQ==":"01.jpg","73YMYolKs6lRvIu6pp6mJQ==":"mbr-1920x1280.jpg","XAT+ywzMSioM5tsNzioF3Q==":"mbr-1920x1440.jpg","RMPbrUbmup2zMldd/IdY9g==":"1200-400-100-1200x400.jpg","5l+vxaKzlJceydJOVWirGQ==":"abstract-1-100-751x501.jpg","cibccckEB8i2R6q9QPHYLw==":"modern-100-1201x800.jpg","n9SHO/cSzhMtsmCjC+Ls9w==":"ricardo-background-2000x1833.jpg","XqbsYJRkudLWhk8W9XU2ZA==":"abstractexpressionism-2000x2670.jpg","KOMpQoReOpuEc2jHw8kLFQ==":"frost-2000x1500.jpg","lIIHsUuXRzmmyAj1Z+tkIA==":"leafs-2000x1333.jpg","Ezt0UNFRpTp5kb/YQ+TJkw==":"watercolor-2000x1504.jpg","SgEalDiAdjOssmmbPTlPTQ==":"artbackground2-2000x1335.jpg","pREkpytci4Sf/awVf8Ol0w==":"blackwhitewatercolor-1920x1920.jpg","OyNXUJUXvU+LTLqFTlm2qA==":"watercolor-black-1920x1502.jpg","/YC2gZ/wKLBXimSRppiaOA==":"aaron-royer-120x120.jpg","Nbm0gau35IPL54MDKno/DQ==":"a-valdespino-120x120.jpg","k7rdQ5rxXHIcR4oO/SuMDg==":"projectsbyacademicunit-1070x546.png","saYQE3hbXym2fEGWSRsNiw==":"projectsbyacademicunit-1608x824.png","xr0EA32ZLr9Ubpit6k6MSg==":"projectsbyacademicunit-1636x496.png","Fsu1kqRO6F9u3OIspdMelg==":"projectsbyacademicunit-1636x475.png","nSzYc6VP7n9495gqgL08iA==":"projectsbyacademicunit-2420x345.png","zo8cc5cUup4jrp03Ur/7JA==":"projectsbyacademicunit.svg","C6qfAUBm2ftMYmyRCCG3UA==":"projectsbytype-2.svg","7fl1J1d7W6Q14hrItjpHwQ==":"facultyshowcase-1-1240x550.jpeg","brvFz2QtyusGp6G97nqbZQ==":"facultyshowcaseheader.svg","fVM0ZY3lXLK9XVcnCSh91A==":"facultyshowcase-2-1240x550.jpeg","Xkuyu1/5BtR7G1F0rzoGzA==":"flc-qep-2019-1240-1240x550.png","u9mYyT8W24AIEU0xivKBRQ==":"magic-leap-one-illustration-450x345.png","vxxbyMdqajHiZf0lIP5zwA==":"magicleap-760x507.jpg","PIJuSzOvT/iYtNkFhiVREQ==":"magicleap-760x507.jpeg","cMJXjCyLlE3ixpl3KGlcTQ==":"magicleap-934x705.png","8S382eKy/R7SwRzrH4nxhA==":"magicleapload-612x344.png","A6zfAhOas52YtVhQ0ZiXKg==":"magicleapload-1-612x344.png","jmoqAQ0xqWNM+EkmczTy6g==":"magicleapload-2-612x344.png","a47RrTtrXKFQKp11SSqGiA==":"co-designing-an-engineering-education-research-agenda-public-report-2019%20pdf-1019x1319.png","obvKgPkcVke9UT1ei1FNkg==":"co-designing-an-engineering-education-research-agenda-public-report-2019%20pdf-1019x1319.png","5JpKbc5IlgPP5MWUFBNSPA==":"teaching-academy-logo-1240x550.png","+FBBwg5RQ2+88sp4qIhEQQ==":"workshop-760x422.jpg","zSi8zRlRyRGO1iQCpZz7mw==":"workshop-760x422.jpeg","WzfEmPFGmu+iPUtzFDqsUw==":"teaching-academy-logo-1-1240x550.png","U2++x//gF2gEnwp9zw/CxA==":"sketchfabanimatingantiquitis-1999x667.jpeg","8M21itCIviKNU2Ylzd83lg==":"googleworkshop-1240x550.png","qk8zmzoIhPybcSh7Bzmksg==":"googleworkshop-1-1240x550.png","9C7SxdULdmy82EfdcI3qUQ==":"gradinggroups-676x348.png","xqM+h58exZLMnVKFBdbdRQ==":"flipped-learning-image-676x353.png","J6qmMLtPK0pR8pNePy5qSA==":"campus-accred-940-940x529.jpg","rG4BaHd0qW92qDj8ZzaxQg==":"campus-accred-940-940x529.jpeg","/XkgQFVjdYwG9L5/yWp67g==":"faculty-exploratory-resized-1250x554.jpg","NJtxsPnLg5DYq+RQke4omw==":"campus-accred-941-940x529.jpeg","hgRPdeELz8cFzG8a8hVuDQ==":"faculty-exploratory-resized-1250x554.jpeg","k+7hk+2jygK34FUqsb8KZA==":"becominghomeless-1728x1080.jpeg","dKJWQOdgOjE2RQDnDmGMag==":"googletiltbrush-1902x1070.jpeg","WuVqMLnpa0sgXLmxr4fzwg==":"brendan%20and%20magdalena%20balcerak%20jackson-1887x1143.png","24znsXizoUHdbveJtinE7A==":"brendan%20and%20magdalena%20balcerak%20jackson-1887x1143.png","0bUv00IWepT5Sje442BxMw==":"brendan%20and%20magdalena%20balcerak%20jackson-1887x1143.png","qiGOC9xthS5Nb/UPbHJaCQ==":"yearinreview-128x128.png","tQ+NpjKEjx00jlCZOkW0Tg==":"event-128x128.png","8r0AW3+9movgwHNKhoDvNg==":"community-128x128.png","Fd0nF7Ocfl3jU+jOYJuSnA==":"partnership-128x128.png","vy0rk8jKR9jBqkdO+WXlMA==":"telescope-64x64.png","rNytTuG8OVS07zM9UWc2wg==":"telescope-128x128.png","VT99q0LdvOQ4MoAnXJT1xQ==":"calendar-128x128.png","P7NIz7qq16Lnm16naCRgzA==":"news-128x128.png","CtlekbGQbRAnN7l7dR1oEw==":"contact-200x200.png","zEhJTb20Y9PDl1e0m7/N2w==":"contact-1-200x200.png","jhrWis8cIFOXKEx/ruGV8g==":"report-handdrawn-100x100.png","ROK3KZDtSEFGvihv0JvYbg==":"calendar-handdrawn-100x100.png","wbxxkbfsGNMaHlOYmJ8pfw==":"flc-handdrawn-100x100.png","XPbWgr+V444KcONCCkw/cQ==":"discuss-100x100.png","DcDhCAAfCLxIjbfWV+HMSQ==":"engineering-100x100.png","Q5uTcgsG6H6q/0m1qOxhvg==":"featuredpartnerships-100x100.png","QMVnapNARdUH96NSbDMIUQ==":"website-100x100.png","7o8V/jqdb6NerFvmRb+Hvg==":"binoculars-100x100.png","x6I1rIyE4LGEQ9N+Dc71HQ==":"contactus-100x100.png","Gvng3HnMJ23F9W+z2OuphQ==":"img-893-2488x1659.jpeg","5qKe2Ivr6aQ3A+vZTeaA6Q==":"talis-711x396.png","1i2CPdsEzCclqqTjsVTF7g==":"talis2-1390x696.png"}